Population,Median Age,Median Household Income,Unemployment Rate,Wage-based Gini,White-alone,Bachelor,Poverty,Labor,Manufacturing,Children,Foreign-born,Housing,Vacancy,Owner
375.0,375.0,375.0,375.0,375.0,375.0,375.0,375.0,375.0,375.0,375.0,375.0,375.0,375.0,375.0
128550.736,37.25706666666664,68647.91466666666,3696.5653333333335,0.4452263999999997,83831.608,19342.154666666665,27605.776,68262.47733333333,54159.261333333336,22135.530666666666,25408.192,53475.82666666667,5111.848,25625.810666666668
284934.7839493246,6.117769938434091,26625.892697407817,9208.976790019391,0.051518476739530035,166739.02608618498,45029.70560566917,59708.89391098019,154579.53581471907,22286.713519217497,85201.41639654236,53343.081640141296,113711.09810178017,10581.332408586612,45809.0596646826
225.0,23.5,27500.0,0.0,0.2941,109.0,24.0,41.0,104.0,21630.0,0.0,33.0,137.0,0.0,70.0
19087.0,33.9,50518.0,465.0,0.41085,15563.0,2538.0,4068.5,9575.5,38937.5,1194.5,3854.5,8174.0,569.5,4630.5
48436.0,36.4,62056.0,1115.0,0.4436,36284.0,7047.0,10610.0,24824.0,47303.0,5012.0,9675.0,20184.0,1400.0,10862.0
111277.5,39.9,80610.5,2882.0,0.47575,79051.0,17965.5,25094.5,58264.0,63305.0,17369.5,23708.5,46128.0,4136.5,23581.5
3966936.0,71.7,240248.0,136312.0,0.6175,2065172.0,619287.0,783631.0,2155700.0,160286.0,1462339.0,680537.0,1493108.0,109239.0,509504.0
