Population,Median Age,Median Household Income,Unemployment Rate,Wage-based Gini,White-alone,Bachelor,Poverty,Labor,Manufacturing,Children,Foreign-born,Housing,Vacancy,Owner,State,Place,Cluster
318.0,318.0,318.0,318.0,318.0,318.0,318.0,318.0,318.0,318.0,318.0,318.0,318.0,318.0,318.0,318.0,318.0,318.0
53594.29245283019,37.65408805031446,70299.97798742139,1376.8836477987422,0.44052515723270447,38734.836477987425,8285.455974842767,11582.669811320755,27978.70754716981,55597.83018867925,7756.481132075472,10859.880503144654,22169.64779874214,2090.761006289308,11972.031446540881,29.58805031446541,42157.764150943396,0.0
48986.1609857882,6.376343721942969,27963.757263404008,1431.3155082689684,0.05225115514223202,33502.23728832649,8353.360638606686,10838.641966851019,26127.6723737745,23196.265941534184,11935.058935861269,10084.446299713009,20328.4918326722,2895.815691102304,10515.281308450736,16.805534107203357,23625.866020967987,0.0
225.0,23.5,27500.0,0.0,0.2941,109.0,24.0,41.0,104.0,21630.0,0.0,33.0,137.0,0.0,70.0,1.0,375.0,0.0
16860.25,34.1,50481.0,387.75,0.403675,13771.75,1978.0,3382.5,8146.25,39428.0,968.5,3192.25,7348.25,479.25,3846.5,13.0,23128.0,0.0
37888.0,36.95,64241.0,913.0,0.43679999999999997,28676.0,5419.5,8073.5,19145.0,49466.0,3544.5,7537.0,15330.5,1064.0,8406.0,29.0,42110.0,0.0
72685.75,40.275,85501.0,1893.0,0.470875,53712.25,11706.75,15323.25,38679.25,64553.75,9427.25,14323.5,31271.75,2503.0,16910.0,47.75,61353.75,0.0
235740.0,71.7,240248.0,8624.0,0.6175,174148.0,49863.0,53108.0,124454.0,160286.0,114596.0,52301.0,95864.0,21297.0,50039.0,55.0,89140.0,0.0
