Population,Median Age,Median Household Income,Unemployment Rate,Wage-based Gini,White-alone,Bachelor,Poverty,Labor,Manufacturing,Children,Foreign-born,Housing,Vacancy,Owner,State,Place
29573.0,29573.0,29573.0,29573.0,29573.0,29573.0,29320.0,29573.0,29573.0,29573.0,29320.0,29573.0,29573.0,29573.0,29573.0,29573.0,29573.0
8266.022993947181,-11000984.535549529,-48187900.14438846,235.53697629594564,-13525850.873697704,5669.034896696311,1135.5119372442018,1789.2414702600345,4226.787813207994,-171832101.03225917,1306.7411323328786,1647.1167280965747,3461.7080445000506,383.7749636492747,1799.906299665235,29.863118385013358,41770.88678862476
68494.05722206058,84930791.69447061,172743763.58317378,2281.219944615266,93992469.20436628,35249.99480732163,10653.187737001177,14101.43449686699,36029.2057533819,291642926.04772216,22014.56664860053,12621.189444858646,28333.926848329185,2895.572766143899,10405.511096133732,15.767990079046179,24179.17824373909
0.0,-666666666.0,-666666666.0,0.0,-666666666.0,0.0,0.0,0.0,0.0,-666666666.0,0.0,0.0,0.0,0.0,0.0,1.0,65.0
329.0,35.4,37302.0,4.0,0.357,262.0,19.0,61.0,149.0,-666666666.0,1.0,55.0,166.0,22.0,94.0,17.0,21032.0
1093.0,40.5,49875.0,24.0,0.4045,894.0,86.0,226.0,502.0,37112.0,22.0,206.0,520.0,67.0,294.0,30.0,41700.0
4156.0,47.0,66250.0,105.0,0.4508,3273.0,444.0,878.0,1972.0,50625.0,208.0,816.0,1845.0,213.0,1063.0,42.0,62030.0
8419316.0,89.4,250001.0,274669.0,0.8337,3597217.0,1315727.0,1668810.0,4360359.0,250001.0,3100554.0,1484858.0,3494228.0,327194.0,1034637.0,72.0,89760.0
